<NFe xmlns="http://www.portalfiscal.inf.br/nfe">
<infNFe Id="NFe35251018726062413393166" versao="4.00">
<ide>
<cUF>35</cUF>
<cNF>338432664</cNF>
<natOp>Venda a vista</natOp>
<indPag>0</indPag>
<mod>55</mod>
<serie>1</serie>
<nNF>3</nNF>
<dEmi>2025-10-18</dEmi>
<dSaiEnt>2025-10-18</dSaiEnt>
<tpNF>0</tpNF>
<cMunFG>3550308</cMunFG>
<tpImp>1</tpImp>
<tpEmis>1</tpEmis>
<cDV>7</cDV>
<tpAmb>2</tpAmb>
<finNFe>1</finNFe>
<procEmi>0</procEmi>
<verProc>NF-eletronica.com</verProc>
</ide>
<emit>
<CNPJ>13941580511634</CNPJ>
<xNome>Empresa Emitente Teste 3 LTDA</xNome>
<xFant>Emitente3</xFant>
<enderEmit>
<xLgr>Rua Central</xLgr>
<nro>103</nro>
<xCpl>Fundos</xCpl>
<xBairro>Distrito Industrial</xBairro>
<cMun>3502200</cMun>
<xMun>Angatuba</xMun>
<UF>SP</UF>
<CEP>17100171</CEP>
<cPais>1058</cPais>
<xPais>Brasil</xPais>
<fone>1733021717</fone>
</enderEmit>
<IE>123456789012</IE>
</emit>
<dest>
<CNPJ>96344474461348</CNPJ>
<xNome>DISTRIBUIDORA TESTE 3</xNome>
<enderDest>
<xLgr>AV DAS FONTES</xLgr>
<nro>1703</nro>
<xCpl>10 ANDAR</xCpl>
<xBairro>PARQUE FONTES</xBairro>
<cMun>3550308</cMun>
<xMun>Sao Paulo</xMun>
<UF>SP</UF>
<CEP>13950000</CEP>
<cPais>1058</cPais>
<xPais>BRASIL</xPais>
<fone>1932011234</fone>
</enderDest>
<IE></IE>
</dest>
<retirada>
<CNPJ>86107546895171</CNPJ>
<xLgr>AV PAULISTA</xLgr>
<nro>12348</nro>
<xCpl>TERREO</xCpl>
<xBairro>CERQUEIRA CESAR</xBairro>
<cMun>3550308</cMun>
<xMun>SAO PAULO</xMun>
<UF>SP</UF>
</retirada>
<entrega>
<CNPJ>78142414212087</CNPJ>
<xLgr>AV FARIA LIMA</xLgr>
<nro>1503</nro>
<xCpl>18 ANDAR</xCpl>
<xBairro>PINHEIROS</xBairro>
<cMun>3550308</cMun>
<xMun>SAO PAULO</xMun>
<UF>SP</UF>
</entrega>
<det nItem="1">
<prod>
<cProd>1003</cProd>
<cEAN></cEAN>
<xProd>Agua Mineral Natural</xProd>
<CFOP>5101</CFOP>
<uCom>dz</uCom>
<qCom>6.8787</qCom>
<vUnCom>165.13</vUnCom>
<vProd>1135.90</vProd>
<cEANTrib></cEANTrib>
<uTrib>und</uTrib>
<qTrib>6.8787</qTrib>
<vUnTrib>1.0000</vUnTrib>
</prod>
<imposto>
<ICMS>
<ICMS00>
<orig>0</orig>
<CST>00</CST>
<modBC>0</modBC>
<vBC>1135.90</vBC>
<pICMS>18.00</pICMS>
<vICMS>204.46</vICMS>
</ICMS00>
</ICMS>
<PIS>
<PISAliq>
<CST>01</CST>
<vBC>1135.90</vBC>
<pPIS>0.65</pPIS>
<vPIS>7.38</vPIS>
</PISAliq>
</PIS>
<COFINS>
<COFINSAliq>
<CST>01</CST>
<vBC>1135.90</vBC>
<pCOFINS>2.00</pCOFINS>
<vCOFINS>22.72</vCOFINS>
</COFINSAliq>
</COFINS>
</imposto>
</det>
<det nItem="2">
<prod>
<cProd>2003</cProd>
<cEAN></cEAN>
<xProd>Agua Mineral Gasosa</xProd>
<CFOP>5101</CFOP>
<uCom>pack</uCom>
<qCom>24.8587</qCom>
<vUnCom>75.71</vUnCom>
<vProd>1881.93</vProd>
<cEANTrib></cEANTrib>
<uTrib>und</uTrib>
<qTrib>24.8587</qTrib>
<vUnTrib>1.0000</vUnTrib>
</prod>
<imposto>
<ICMS>
<ICMS00>
<orig>0</orig>
<CST>00</CST>
<modBC>0</modBC>
<vBC>1881.93</vBC>
<pICMS>18.00</pICMS>
<vICMS>338.75</vICMS>
</ICMS00>
</ICMS>
<PIS>
<PISAliq>
<CST>01</CST>
<vBC>1881.93</vBC>
<pPIS>0.65</pPIS>
<vPIS>12.23</vPIS>
</PISAliq>
</PIS>
<COFINS>
<COFINSAliq>
<CST>01</CST>
<vBC>1881.93</vBC>
<pCOFINS>2.00</pCOFINS>
<vCOFINS>37.64</vCOFINS>
</COFINSAliq>
</COFINS>
</imposto>
</det>
<total>
<ICMSTot>
<vBC>3017.83</vBC>
<vICMS>543.21</vICMS>
<vBCST>0</vBCST>
<vST>0</vST>
<vProd>3017.83</vProd>
<vFrete>0</vFrete>
<vSeg>0</vSeg>
<vDesc>0</vDesc>
<vII>0</vII>
<vIPI>0</vIPI>
<vPIS>19.61</vPIS>
<vCOFINS>60.36</vCOFINS>
<vOutro>0</vOutro>
<vNF>3017.83</vNF>
</ICMSTot>
</total>
<transp>
<modFrete>0</modFrete>
<transporta>
<CNPJ>22305619042120</CNPJ>
<xNome>Transportadora Teste 3 SA</xNome>
<IE>617221442</IE>
<xEnder>Rua Central 100 - Fundos - Distrito Industrial</xEnder>
<xMun>SAO PAULO</xMun>
<UF>SP</UF>
</transporta>
<veicTransp>
<placa>ABC1003</placa>
<UF>SP</UF>
<RNTC>174090594</RNTC>
</veicTransp>
<reboque>
<placa>REB2003</placa>
<UF>SP</UF>
<RNTC>631859074</RNTC>
</reboque>
<vol>
<qVol>35</qVol>
<esp>CAIXA</esp>
<marca>LINDOYA</marca>
<nVol>873</nVol>
<pesoL>301783.000</pesoL>
<pesoB>362139.600</pesoB>
<lacres>
<nLacre>XYZ6895685</nLacre>
</lacres>
</vol>
</transp>
<infAdic>
<infAdFisco>Nota Fiscal de exemplo NF-eletronica.com - versão 4.00 (fictícia)</infAdFisco>
</infAdic>
</infNFe>
<Signature xmlns="http://www.w3.org/2000/09/xmldsig#">
<SignedInfo>
<CanonicalizationMethod Algorithm="http://www.w3.org/TR/2001/REC-xml-c14n-20010315"></CanonicalizationMethod>
<SignatureMethod Algorithm="http://www.w3.org/2000/09/xmldsig#rsa-sha1"></SignatureMethod>
<Reference URI="#NFe35251018726062413393166">
<Transforms>
<Transform Algorithm="http://www.w3.org/2000/09/xmldsig#enveloped-signature"></Transform>
<Transform Algorithm="http://www.w3.org/TR/2001/REC-xml-c14n-20010315"></Transform>
</Transforms>
<DigestMethod Algorithm="http://www.w3.org/2000/09/xmldsig#sha1"></DigestMethod>
<DigestValue>placeholderDigestValue==</DigestValue>
</Reference>
</SignedInfo>
<SignatureValue>placeholderSignatureValue==</SignatureValue>
<KeyInfo>
<X509Data>
<X509Certificate>MIIC...FAKECERT...END</X509Certificate>
</X509Data>
</KeyInfo>
</Signature>
</NFe>
