<NFe xmlns="http://www.portalfiscal.inf.br/nfe">
<infNFe Id="NFe35251018682493159240918" versao="4.00">
<ide>
<cUF>35</cUF>
<cNF>867560383</cNF>
<natOp>Venda a vista</natOp>
<indPag>0</indPag>
<mod>55</mod>
<serie>1</serie>
<nNF>5</nNF>
<dEmi>2025-10-18</dEmi>
<dSaiEnt>2025-10-18</dSaiEnt>
<tpNF>0</tpNF>
<cMunFG>3550308</cMunFG>
<tpImp>1</tpImp>
<tpEmis>1</tpEmis>
<cDV>3</cDV>
<tpAmb>2</tpAmb>
<finNFe>1</finNFe>
<procEmi>0</procEmi>
<verProc>NF-eletronica.com</verProc>
</ide>
<emit>
<CNPJ>95679447105605</CNPJ>
<xNome>Empresa Emitente Teste 5 LTDA</xNome>
<xFant>Emitente5</xFant>
<enderEmit>
<xLgr>Rua Central</xLgr>
<nro>105</nro>
<xCpl>Fundos</xCpl>
<xBairro>Distrito Industrial</xBairro>
<cMun>3502200</cMun>
<xMun>Angatuba</xMun>
<UF>SP</UF>
<CEP>17100171</CEP>
<cPais>1058</cPais>
<xPais>Brasil</xPais>
<fone>1733021717</fone>
</enderEmit>
<IE>123456789012</IE>
</emit>
<dest>
<CNPJ>25235287999122</CNPJ>
<xNome>DISTRIBUIDORA TESTE 5</xNome>
<enderDest>
<xLgr>AV DAS FONTES</xLgr>
<nro>1705</nro>
<xCpl>10 ANDAR</xCpl>
<xBairro>PARQUE FONTES</xBairro>
<cMun>3550308</cMun>
<xMun>Sao Paulo</xMun>
<UF>SP</UF>
<CEP>13950000</CEP>
<cPais>1058</cPais>
<xPais>BRASIL</xPais>
<fone>1932011234</fone>
</enderDest>
<IE></IE>
</dest>
<retirada>
<CNPJ>77477079879541</CNPJ>
<xLgr>AV PAULISTA</xLgr>
<nro>12350</nro>
<xCpl>TERREO</xCpl>
<xBairro>CERQUEIRA CESAR</xBairro>
<cMun>3550308</cMun>
<xMun>SAO PAULO</xMun>
<UF>SP</UF>
</retirada>
<entrega>
<CNPJ>43891871590141</CNPJ>
<xLgr>AV FARIA LIMA</xLgr>
<nro>1505</nro>
<xCpl>20 ANDAR</xCpl>
<xBairro>PINHEIROS</xBairro>
<cMun>3550308</cMun>
<xMun>SAO PAULO</xMun>
<UF>SP</UF>
</entrega>
<det nItem="1">
<prod>
<cProd>1005</cProd>
<cEAN></cEAN>
<xProd>Agua Mineral Natural</xProd>
<CFOP>5101</CFOP>
<uCom>dz</uCom>
<qCom>6.2962</qCom>
<vUnCom>367.05</vUnCom>
<vProd>2311.02</vProd>
<cEANTrib></cEANTrib>
<uTrib>und</uTrib>
<qTrib>6.2962</qTrib>
<vUnTrib>1.0000</vUnTrib>
</prod>
<imposto>
<ICMS>
<ICMS00>
<orig>0</orig>
<CST>00</CST>
<modBC>0</modBC>
<vBC>2311.02</vBC>
<pICMS>18.00</pICMS>
<vICMS>415.98</vICMS>
</ICMS00>
</ICMS>
<PIS>
<PISAliq>
<CST>01</CST>
<vBC>2311.02</vBC>
<pPIS>0.65</pPIS>
<vPIS>15.02</vPIS>
</PISAliq>
</PIS>
<COFINS>
<COFINSAliq>
<CST>01</CST>
<vBC>2311.02</vBC>
<pCOFINS>2.00</pCOFINS>
<vCOFINS>46.22</vCOFINS>
</COFINSAliq>
</COFINS>
</imposto>
</det>
<det nItem="2">
<prod>
<cProd>2005</cProd>
<cEAN></cEAN>
<xProd>Agua Mineral Gasosa</xProd>
<CFOP>5101</CFOP>
<uCom>pack</uCom>
<qCom>4.7725</qCom>
<vUnCom>1442.38</vUnCom>
<vProd>6883.70</vProd>
<cEANTrib></cEANTrib>
<uTrib>und</uTrib>
<qTrib>4.7725</qTrib>
<vUnTrib>1.0000</vUnTrib>
</prod>
<imposto>
<ICMS>
<ICMS00>
<orig>0</orig>
<CST>00</CST>
<modBC>0</modBC>
<vBC>6883.70</vBC>
<pICMS>18.00</pICMS>
<vICMS>1239.07</vICMS>
</ICMS00>
</ICMS>
<PIS>
<PISAliq>
<CST>01</CST>
<vBC>6883.70</vBC>
<pPIS>0.65</pPIS>
<vPIS>44.74</vPIS>
</PISAliq>
</PIS>
<COFINS>
<COFINSAliq>
<CST>01</CST>
<vBC>6883.70</vBC>
<pCOFINS>2.00</pCOFINS>
<vCOFINS>137.67</vCOFINS>
</COFINSAliq>
</COFINS>
</imposto>
</det>
<total>
<ICMSTot>
<vBC>9194.72</vBC>
<vICMS>1655.05</vICMS>
<vBCST>0</vBCST>
<vST>0</vST>
<vProd>9194.72</vProd>
<vFrete>0</vFrete>
<vSeg>0</vSeg>
<vDesc>0</vDesc>
<vII>0</vII>
<vIPI>0</vIPI>
<vPIS>59.76</vPIS>
<vCOFINS>183.89</vCOFINS>
<vOutro>0</vOutro>
<vNF>9194.72</vNF>
</ICMSTot>
</total>
<transp>
<modFrete>0</modFrete>
<transporta>
<CNPJ>26275151013719</CNPJ>
<xNome>Transportadora Teste 5 SA</xNome>
<IE>532929237</IE>
<xEnder>Rua Central 100 - Fundos - Distrito Industrial</xEnder>
<xMun>SAO PAULO</xMun>
<UF>SP</UF>
</transporta>
<veicTransp>
<placa>ABC1005</placa>
<UF>SP</UF>
<RNTC>431102071</RNTC>
</veicTransp>
<reboque>
<placa>REB2005</placa>
<UF>SP</UF>
<RNTC>426307773</RNTC>
</reboque>
<vol>
<qVol>5</qVol>
<esp>CAIXA</esp>
<marca>LINDOYA</marca>
<nVol>701</nVol>
<pesoL>919472.000</pesoL>
<pesoB>1103366.400</pesoB>
<lacres>
<nLacre>XYZ4551916</nLacre>
</lacres>
</vol>
</transp>
<infAdic>
<infAdFisco>Nota Fiscal de exemplo NF-eletronica.com - versão 4.00 (fictícia)</infAdFisco>
</infAdic>
</infNFe>
<Signature xmlns="http://www.w3.org/2000/09/xmldsig#">
<SignedInfo>
<CanonicalizationMethod Algorithm="http://www.w3.org/TR/2001/REC-xml-c14n-20010315"></CanonicalizationMethod>
<SignatureMethod Algorithm="http://www.w3.org/2000/09/xmldsig#rsa-sha1"></SignatureMethod>
<Reference URI="#NFe35251018682493159240918">
<Transforms>
<Transform Algorithm="http://www.w3.org/2000/09/xmldsig#enveloped-signature"></Transform>
<Transform Algorithm="http://www.w3.org/TR/2001/REC-xml-c14n-20010315"></Transform>
</Transforms>
<DigestMethod Algorithm="http://www.w3.org/2000/09/xmldsig#sha1"></DigestMethod>
<DigestValue>placeholderDigestValue==</DigestValue>
</Reference>
</SignedInfo>
<SignatureValue>placeholderSignatureValue==</SignatureValue>
<KeyInfo>
<X509Data>
<X509Certificate>MIIC...FAKECERT...END</X509Certificate>
</X509Data>
</KeyInfo>
</Signature>
</NFe>
