<NFe xmlns="http://www.portalfiscal.inf.br/nfe">
<infNFe Id="NFe35251018872381355297256" versao="4.00">
<ide>
<cUF>35</cUF>
<cNF>270586935</cNF>
<natOp>Venda a vista</natOp>
<indPag>0</indPag>
<mod>55</mod>
<serie>1</serie>
<nNF>2</nNF>
<dEmi>2025-10-18</dEmi>
<dSaiEnt>2025-10-18</dSaiEnt>
<tpNF>0</tpNF>
<cMunFG>3550308</cMunFG>
<tpImp>1</tpImp>
<tpEmis>1</tpEmis>
<cDV>0</cDV>
<tpAmb>2</tpAmb>
<finNFe>1</finNFe>
<procEmi>0</procEmi>
<verProc>NF-eletronica.com</verProc>
</ide>
<emit>
<CNPJ>71617006569291</CNPJ>
<xNome>Empresa Emitente Teste 2 LTDA</xNome>
<xFant>Emitente2</xFant>
<enderEmit>
<xLgr>Rua Central</xLgr>
<nro>102</nro>
<xCpl>Fundos</xCpl>
<xBairro>Distrito Industrial</xBairro>
<cMun>3502200</cMun>
<xMun>Angatuba</xMun>
<UF>SP</UF>
<CEP>17100171</CEP>
<cPais>1058</cPais>
<xPais>Brasil</xPais>
<fone>1733021717</fone>
</enderEmit>
<IE>123456789012</IE>
</emit>
<dest>
<CNPJ>54217808052701</CNPJ>
<xNome>DISTRIBUIDORA TESTE 2</xNome>
<enderDest>
<xLgr>AV DAS FONTES</xLgr>
<nro>1702</nro>
<xCpl>10 ANDAR</xCpl>
<xBairro>PARQUE FONTES</xBairro>
<cMun>3550308</cMun>
<xMun>Sao Paulo</xMun>
<UF>SP</UF>
<CEP>13950000</CEP>
<cPais>1058</cPais>
<xPais>BRASIL</xPais>
<fone>1932011234</fone>
</enderDest>
<IE></IE>
</dest>
<retirada>
<CNPJ>09979751924609</CNPJ>
<xLgr>AV PAULISTA</xLgr>
<nro>12347</nro>
<xCpl>TERREO</xCpl>
<xBairro>CERQUEIRA CESAR</xBairro>
<cMun>3550308</cMun>
<xMun>SAO PAULO</xMun>
<UF>SP</UF>
</retirada>
<entrega>
<CNPJ>65763326381673</CNPJ>
<xLgr>AV FARIA LIMA</xLgr>
<nro>1502</nro>
<xCpl>17 ANDAR</xCpl>
<xBairro>PINHEIROS</xBairro>
<cMun>3550308</cMun>
<xMun>SAO PAULO</xMun>
<UF>SP</UF>
</entrega>
<det nItem="1">
<prod>
<cProd>1002</cProd>
<cEAN></cEAN>
<xProd>Agua Mineral Natural</xProd>
<CFOP>5101</CFOP>
<uCom>dz</uCom>
<qCom>16.1228</qCom>
<vUnCom>160.54</vUnCom>
<vProd>2588.38</vProd>
<cEANTrib></cEANTrib>
<uTrib>und</uTrib>
<qTrib>16.1228</qTrib>
<vUnTrib>1.0000</vUnTrib>
</prod>
<imposto>
<ICMS>
<ICMS00>
<orig>0</orig>
<CST>00</CST>
<modBC>0</modBC>
<vBC>2588.38</vBC>
<pICMS>18.00</pICMS>
<vICMS>465.91</vICMS>
</ICMS00>
</ICMS>
<PIS>
<PISAliq>
<CST>01</CST>
<vBC>2588.38</vBC>
<pPIS>0.65</pPIS>
<vPIS>16.82</vPIS>
</PISAliq>
</PIS>
<COFINS>
<COFINSAliq>
<CST>01</CST>
<vBC>2588.38</vBC>
<pCOFINS>2.00</pCOFINS>
<vCOFINS>51.77</vCOFINS>
</COFINSAliq>
</COFINS>
</imposto>
</det>
<det nItem="2">
<prod>
<cProd>2002</cProd>
<cEAN></cEAN>
<xProd>Agua Mineral Gasosa</xProd>
<CFOP>5101</CFOP>
<uCom>pack</uCom>
<qCom>4.0652</qCom>
<vUnCom>1166.30</vUnCom>
<vProd>4741.20</vProd>
<cEANTrib></cEANTrib>
<uTrib>und</uTrib>
<qTrib>4.0652</qTrib>
<vUnTrib>1.0000</vUnTrib>
</prod>
<imposto>
<ICMS>
<ICMS00>
<orig>0</orig>
<CST>00</CST>
<modBC>0</modBC>
<vBC>4741.20</vBC>
<pICMS>18.00</pICMS>
<vICMS>853.42</vICMS>
</ICMS00>
</ICMS>
<PIS>
<PISAliq>
<CST>01</CST>
<vBC>4741.20</vBC>
<pPIS>0.65</pPIS>
<vPIS>30.82</vPIS>
</PISAliq>
</PIS>
<COFINS>
<COFINSAliq>
<CST>01</CST>
<vBC>4741.20</vBC>
<pCOFINS>2.00</pCOFINS>
<vCOFINS>94.82</vCOFINS>
</COFINSAliq>
</COFINS>
</imposto>
</det>
<total>
<ICMSTot>
<vBC>7329.58</vBC>
<vICMS>1319.33</vICMS>
<vBCST>0</vBCST>
<vST>0</vST>
<vProd>7329.58</vProd>
<vFrete>0</vFrete>
<vSeg>0</vSeg>
<vDesc>0</vDesc>
<vII>0</vII>
<vIPI>0</vIPI>
<vPIS>47.64</vPIS>
<vCOFINS>146.59</vCOFINS>
<vOutro>0</vOutro>
<vNF>7329.58</vNF>
</ICMSTot>
</total>
<transp>
<modFrete>0</modFrete>
<transporta>
<CNPJ>23905826122483</CNPJ>
<xNome>Transportadora Teste 2 SA</xNome>
<IE>831029114</IE>
<xEnder>Rua Central 100 - Fundos - Distrito Industrial</xEnder>
<xMun>SAO PAULO</xMun>
<UF>SP</UF>
</transporta>
<veicTransp>
<placa>ABC1002</placa>
<UF>SP</UF>
<RNTC>238517493</RNTC>
</veicTransp>
<reboque>
<placa>REB2002</placa>
<UF>SP</UF>
<RNTC>378080024</RNTC>
</reboque>
<vol>
<qVol>47</qVol>
<esp>CAIXA</esp>
<marca>LINDOYA</marca>
<nVol>667</nVol>
<pesoL>732958.000</pesoL>
<pesoB>879549.600</pesoB>
<lacres>
<nLacre>XYZ7631453</nLacre>
</lacres>
</vol>
</transp>
<infAdic>
<infAdFisco>Nota Fiscal de exemplo NF-eletronica.com - versão 4.00 (fictícia)</infAdFisco>
</infAdic>
</infNFe>
<Signature xmlns="http://www.w3.org/2000/09/xmldsig#">
<SignedInfo>
<CanonicalizationMethod Algorithm="http://www.w3.org/TR/2001/REC-xml-c14n-20010315"></CanonicalizationMethod>
<SignatureMethod Algorithm="http://www.w3.org/2000/09/xmldsig#rsa-sha1"></SignatureMethod>
<Reference URI="#NFe35251018872381355297256">
<Transforms>
<Transform Algorithm="http://www.w3.org/2000/09/xmldsig#enveloped-signature"></Transform>
<Transform Algorithm="http://www.w3.org/TR/2001/REC-xml-c14n-20010315"></Transform>
</Transforms>
<DigestMethod Algorithm="http://www.w3.org/2000/09/xmldsig#sha1"></DigestMethod>
<DigestValue>placeholderDigestValue==</DigestValue>
</Reference>
</SignedInfo>
<SignatureValue>placeholderSignatureValue==</SignatureValue>
<KeyInfo>
<X509Data>
<X509Certificate>MIIC...FAKECERT...END</X509Certificate>
</X509Data>
</KeyInfo>
</Signature>
</NFe>
