<NFe xmlns="http://www.portalfiscal.inf.br/nfe">
<infNFe Id="NFe35251018821724492743624" versao="4.00">
<ide>
<cUF>35</cUF>
<cNF>416288816</cNF>
<natOp>Venda a vista</natOp>
<indPag>0</indPag>
<mod>55</mod>
<serie>1</serie>
<nNF>9</nNF>
<dEmi>2025-10-18</dEmi>
<dSaiEnt>2025-10-18</dSaiEnt>
<tpNF>0</tpNF>
<cMunFG>3550308</cMunFG>
<tpImp>1</tpImp>
<tpEmis>1</tpEmis>
<cDV>8</cDV>
<tpAmb>2</tpAmb>
<finNFe>1</finNFe>
<procEmi>0</procEmi>
<verProc>NF-eletronica.com</verProc>
</ide>
<emit>
<CNPJ>62706313498880</CNPJ>
<xNome>Empresa Emitente Teste 9 LTDA</xNome>
<xFant>Emitente9</xFant>
<enderEmit>
<xLgr>Rua Central</xLgr>
<nro>109</nro>
<xCpl>Fundos</xCpl>
<xBairro>Distrito Industrial</xBairro>
<cMun>3502200</cMun>
<xMun>Angatuba</xMun>
<UF>SP</UF>
<CEP>17100171</CEP>
<cPais>1058</cPais>
<xPais>Brasil</xPais>
<fone>1733021717</fone>
</enderEmit>
<IE>123456789012</IE>
</emit>
<dest>
<CNPJ>63309516000726</CNPJ>
<xNome>DISTRIBUIDORA TESTE 9</xNome>
<enderDest>
<xLgr>AV DAS FONTES</xLgr>
<nro>1709</nro>
<xCpl>10 ANDAR</xCpl>
<xBairro>PARQUE FONTES</xBairro>
<cMun>3550308</cMun>
<xMun>Sao Paulo</xMun>
<UF>SP</UF>
<CEP>13950000</CEP>
<cPais>1058</cPais>
<xPais>BRASIL</xPais>
<fone>1932011234</fone>
</enderDest>
<IE></IE>
</dest>
<retirada>
<CNPJ>89399314240713</CNPJ>
<xLgr>AV PAULISTA</xLgr>
<nro>12354</nro>
<xCpl>TERREO</xCpl>
<xBairro>CERQUEIRA CESAR</xBairro>
<cMun>3550308</cMun>
<xMun>SAO PAULO</xMun>
<UF>SP</UF>
</retirada>
<entrega>
<CNPJ>52862025628779</CNPJ>
<xLgr>AV FARIA LIMA</xLgr>
<nro>1509</nro>
<xCpl>24 ANDAR</xCpl>
<xBairro>PINHEIROS</xBairro>
<cMun>3550308</cMun>
<xMun>SAO PAULO</xMun>
<UF>SP</UF>
</entrega>
<det nItem="1">
<prod>
<cProd>1009</cProd>
<cEAN></cEAN>
<xProd>Agua Mineral Natural</xProd>
<CFOP>5101</CFOP>
<uCom>dz</uCom>
<qCom>11.5661</qCom>
<vUnCom>25.47</vUnCom>
<vProd>294.62</vProd>
<cEANTrib></cEANTrib>
<uTrib>und</uTrib>
<qTrib>11.5661</qTrib>
<vUnTrib>1.0000</vUnTrib>
</prod>
<imposto>
<ICMS>
<ICMS00>
<orig>0</orig>
<CST>00</CST>
<modBC>0</modBC>
<vBC>294.62</vBC>
<pICMS>18.00</pICMS>
<vICMS>53.03</vICMS>
</ICMS00>
</ICMS>
<PIS>
<PISAliq>
<CST>01</CST>
<vBC>294.62</vBC>
<pPIS>0.65</pPIS>
<vPIS>1.92</vPIS>
</PISAliq>
</PIS>
<COFINS>
<COFINSAliq>
<CST>01</CST>
<vBC>294.62</vBC>
<pCOFINS>2.00</pCOFINS>
<vCOFINS>5.89</vCOFINS>
</COFINSAliq>
</COFINS>
</imposto>
</det>
<det nItem="2">
<prod>
<cProd>2009</cProd>
<cEAN></cEAN>
<xProd>Agua Mineral Gasosa</xProd>
<CFOP>5101</CFOP>
<uCom>pack</uCom>
<qCom>36.4103</qCom>
<vUnCom>119.52</vUnCom>
<vProd>4351.85</vProd>
<cEANTrib></cEANTrib>
<uTrib>und</uTrib>
<qTrib>36.4103</qTrib>
<vUnTrib>1.0000</vUnTrib>
</prod>
<imposto>
<ICMS>
<ICMS00>
<orig>0</orig>
<CST>00</CST>
<modBC>0</modBC>
<vBC>4351.85</vBC>
<pICMS>18.00</pICMS>
<vICMS>783.33</vICMS>
</ICMS00>
</ICMS>
<PIS>
<PISAliq>
<CST>01</CST>
<vBC>4351.85</vBC>
<pPIS>0.65</pPIS>
<vPIS>28.29</vPIS>
</PISAliq>
</PIS>
<COFINS>
<COFINSAliq>
<CST>01</CST>
<vBC>4351.85</vBC>
<pCOFINS>2.00</pCOFINS>
<vCOFINS>87.04</vCOFINS>
</COFINSAliq>
</COFINS>
</imposto>
</det>
<total>
<ICMSTot>
<vBC>4646.47</vBC>
<vICMS>836.36</vICMS>
<vBCST>0</vBCST>
<vST>0</vST>
<vProd>4646.47</vProd>
<vFrete>0</vFrete>
<vSeg>0</vSeg>
<vDesc>0</vDesc>
<vII>0</vII>
<vIPI>0</vIPI>
<vPIS>30.21</vPIS>
<vCOFINS>92.93</vCOFINS>
<vOutro>0</vOutro>
<vNF>4646.47</vNF>
</ICMSTot>
</total>
<transp>
<modFrete>0</modFrete>
<transporta>
<CNPJ>53218437721965</CNPJ>
<xNome>Transportadora Teste 9 SA</xNome>
<IE>349375937</IE>
<xEnder>Rua Central 100 - Fundos - Distrito Industrial</xEnder>
<xMun>SAO PAULO</xMun>
<UF>SP</UF>
</transporta>
<veicTransp>
<placa>ABC1009</placa>
<UF>SP</UF>
<RNTC>321899309</RNTC>
</veicTransp>
<reboque>
<placa>REB2009</placa>
<UF>SP</UF>
<RNTC>392500401</RNTC>
</reboque>
<vol>
<qVol>34</qVol>
<esp>CAIXA</esp>
<marca>LINDOYA</marca>
<nVol>649</nVol>
<pesoL>464647.000</pesoL>
<pesoB>557576.400</pesoB>
<lacres>
<nLacre>XYZ9288466</nLacre>
</lacres>
</vol>
</transp>
<infAdic>
<infAdFisco>Nota Fiscal de exemplo NF-eletronica.com - versão 4.00 (fictícia)</infAdFisco>
</infAdic>
</infNFe>
<Signature xmlns="http://www.w3.org/2000/09/xmldsig#">
<SignedInfo>
<CanonicalizationMethod Algorithm="http://www.w3.org/TR/2001/REC-xml-c14n-20010315"></CanonicalizationMethod>
<SignatureMethod Algorithm="http://www.w3.org/2000/09/xmldsig#rsa-sha1"></SignatureMethod>
<Reference URI="#NFe35251018821724492743624">
<Transforms>
<Transform Algorithm="http://www.w3.org/2000/09/xmldsig#enveloped-signature"></Transform>
<Transform Algorithm="http://www.w3.org/TR/2001/REC-xml-c14n-20010315"></Transform>
</Transforms>
<DigestMethod Algorithm="http://www.w3.org/2000/09/xmldsig#sha1"></DigestMethod>
<DigestValue>placeholderDigestValue==</DigestValue>
</Reference>
</SignedInfo>
<SignatureValue>placeholderSignatureValue==</SignatureValue>
<KeyInfo>
<X509Data>
<X509Certificate>MIIC...FAKECERT...END</X509Certificate>
</X509Data>
</KeyInfo>
</Signature>
</NFe>
