<NFe xmlns="http://www.portalfiscal.inf.br/nfe">
<infNFe Id="NFe35251018100120898559114" versao="4.00">
<ide>
<cUF>35</cUF>
<cNF>714950544</cNF>
<natOp>Venda a vista</natOp>
<indPag>0</indPag>
<mod>55</mod>
<serie>1</serie>
<nNF>4</nNF>
<dEmi>2025-10-18</dEmi>
<dSaiEnt>2025-10-18</dSaiEnt>
<tpNF>0</tpNF>
<cMunFG>3550308</cMunFG>
<tpImp>1</tpImp>
<tpEmis>1</tpEmis>
<cDV>9</cDV>
<tpAmb>2</tpAmb>
<finNFe>1</finNFe>
<procEmi>0</procEmi>
<verProc>NF-eletronica.com</verProc>
</ide>
<emit>
<CNPJ>66640292750953</CNPJ>
<xNome>Empresa Emitente Teste 4 LTDA</xNome>
<xFant>Emitente4</xFant>
<enderEmit>
<xLgr>Rua Central</xLgr>
<nro>104</nro>
<xCpl>Fundos</xCpl>
<xBairro>Distrito Industrial</xBairro>
<cMun>3502200</cMun>
<xMun>Angatuba</xMun>
<UF>SP</UF>
<CEP>17100171</CEP>
<cPais>1058</cPais>
<xPais>Brasil</xPais>
<fone>1733021717</fone>
</enderEmit>
<IE>123456789012</IE>
</emit>
<dest>
<CNPJ>61501774118775</CNPJ>
<xNome>DISTRIBUIDORA TESTE 4</xNome>
<enderDest>
<xLgr>AV DAS FONTES</xLgr>
<nro>1704</nro>
<xCpl>10 ANDAR</xCpl>
<xBairro>PARQUE FONTES</xBairro>
<cMun>3550308</cMun>
<xMun>Sao Paulo</xMun>
<UF>SP</UF>
<CEP>13950000</CEP>
<cPais>1058</cPais>
<xPais>BRASIL</xPais>
<fone>1932011234</fone>
</enderDest>
<IE></IE>
</dest>
<retirada>
<CNPJ>01044702033376</CNPJ>
<xLgr>AV PAULISTA</xLgr>
<nro>12349</nro>
<xCpl>TERREO</xCpl>
<xBairro>CERQUEIRA CESAR</xBairro>
<cMun>3550308</cMun>
<xMun>SAO PAULO</xMun>
<UF>SP</UF>
</retirada>
<entrega>
<CNPJ>76974038906517</CNPJ>
<xLgr>AV FARIA LIMA</xLgr>
<nro>1504</nro>
<xCpl>19 ANDAR</xCpl>
<xBairro>PINHEIROS</xBairro>
<cMun>3550308</cMun>
<xMun>SAO PAULO</xMun>
<UF>SP</UF>
</entrega>
<det nItem="1">
<prod>
<cProd>1004</cProd>
<cEAN></cEAN>
<xProd>Agua Mineral Natural</xProd>
<CFOP>5101</CFOP>
<uCom>dz</uCom>
<qCom>10.7329</qCom>
<vUnCom>135.28</vUnCom>
<vProd>1451.95</vProd>
<cEANTrib></cEANTrib>
<uTrib>und</uTrib>
<qTrib>10.7329</qTrib>
<vUnTrib>1.0000</vUnTrib>
</prod>
<imposto>
<ICMS>
<ICMS00>
<orig>0</orig>
<CST>00</CST>
<modBC>0</modBC>
<vBC>1451.95</vBC>
<pICMS>18.00</pICMS>
<vICMS>261.35</vICMS>
</ICMS00>
</ICMS>
<PIS>
<PISAliq>
<CST>01</CST>
<vBC>1451.95</vBC>
<pPIS>0.65</pPIS>
<vPIS>9.44</vPIS>
</PISAliq>
</PIS>
<COFINS>
<COFINSAliq>
<CST>01</CST>
<vBC>1451.95</vBC>
<pCOFINS>2.00</pCOFINS>
<vCOFINS>29.04</vCOFINS>
</COFINSAliq>
</COFINS>
</imposto>
</det>
<det nItem="2">
<prod>
<cProd>2004</cProd>
<cEAN></cEAN>
<xProd>Agua Mineral Gasosa</xProd>
<CFOP>5101</CFOP>
<uCom>pack</uCom>
<qCom>39.5843</qCom>
<vUnCom>84.57</vUnCom>
<vProd>3347.76</vProd>
<cEANTrib></cEANTrib>
<uTrib>und</uTrib>
<qTrib>39.5843</qTrib>
<vUnTrib>1.0000</vUnTrib>
</prod>
<imposto>
<ICMS>
<ICMS00>
<orig>0</orig>
<CST>00</CST>
<modBC>0</modBC>
<vBC>3347.76</vBC>
<pICMS>18.00</pICMS>
<vICMS>602.60</vICMS>
</ICMS00>
</ICMS>
<PIS>
<PISAliq>
<CST>01</CST>
<vBC>3347.76</vBC>
<pPIS>0.65</pPIS>
<vPIS>21.76</vPIS>
</PISAliq>
</PIS>
<COFINS>
<COFINSAliq>
<CST>01</CST>
<vBC>3347.76</vBC>
<pCOFINS>2.00</pCOFINS>
<vCOFINS>66.96</vCOFINS>
</COFINSAliq>
</COFINS>
</imposto>
</det>
<total>
<ICMSTot>
<vBC>4799.71</vBC>
<vICMS>863.95</vICMS>
<vBCST>0</vBCST>
<vST>0</vST>
<vProd>4799.71</vProd>
<vFrete>0</vFrete>
<vSeg>0</vSeg>
<vDesc>0</vDesc>
<vII>0</vII>
<vIPI>0</vIPI>
<vPIS>31.20</vPIS>
<vCOFINS>96.00</vCOFINS>
<vOutro>0</vOutro>
<vNF>4799.71</vNF>
</ICMSTot>
</total>
<transp>
<modFrete>0</modFrete>
<transporta>
<CNPJ>62896595462916</CNPJ>
<xNome>Transportadora Teste 4 SA</xNome>
<IE>508752278</IE>
<xEnder>Rua Central 100 - Fundos - Distrito Industrial</xEnder>
<xMun>SAO PAULO</xMun>
<UF>SP</UF>
</transporta>
<veicTransp>
<placa>ABC1004</placa>
<UF>SP</UF>
<RNTC>836818356</RNTC>
</veicTransp>
<reboque>
<placa>REB2004</placa>
<UF>SP</UF>
<RNTC>633596869</RNTC>
</reboque>
<vol>
<qVol>21</qVol>
<esp>CAIXA</esp>
<marca>LINDOYA</marca>
<nVol>651</nVol>
<pesoL>479971.000</pesoL>
<pesoB>575965.200</pesoB>
<lacres>
<nLacre>XYZ1113591</nLacre>
</lacres>
</vol>
</transp>
<infAdic>
<infAdFisco>Nota Fiscal de exemplo NF-eletronica.com - versão 4.00 (fictícia)</infAdFisco>
</infAdic>
</infNFe>
<Signature xmlns="http://www.w3.org/2000/09/xmldsig#">
<SignedInfo>
<CanonicalizationMethod Algorithm="http://www.w3.org/TR/2001/REC-xml-c14n-20010315"></CanonicalizationMethod>
<SignatureMethod Algorithm="http://www.w3.org/2000/09/xmldsig#rsa-sha1"></SignatureMethod>
<Reference URI="#NFe35251018100120898559114">
<Transforms>
<Transform Algorithm="http://www.w3.org/2000/09/xmldsig#enveloped-signature"></Transform>
<Transform Algorithm="http://www.w3.org/TR/2001/REC-xml-c14n-20010315"></Transform>
</Transforms>
<DigestMethod Algorithm="http://www.w3.org/2000/09/xmldsig#sha1"></DigestMethod>
<DigestValue>placeholderDigestValue==</DigestValue>
</Reference>
</SignedInfo>
<SignatureValue>placeholderSignatureValue==</SignatureValue>
<KeyInfo>
<X509Data>
<X509Certificate>MIIC...FAKECERT...END</X509Certificate>
</X509Data>
</KeyInfo>
</Signature>
</NFe>
