<NFe xmlns="http://www.portalfiscal.inf.br/nfe">
<infNFe Id="NFe35251018841972458836705" versao="4.00">
<ide>
<cUF>35</cUF>
<cNF>580283529</cNF>
<natOp>Venda a vista</natOp>
<indPag>0</indPag>
<mod>55</mod>
<serie>1</serie>
<nNF>6</nNF>
<dEmi>2025-10-18</dEmi>
<dSaiEnt>2025-10-18</dSaiEnt>
<tpNF>0</tpNF>
<cMunFG>3550308</cMunFG>
<tpImp>1</tpImp>
<tpEmis>1</tpEmis>
<cDV>2</cDV>
<tpAmb>2</tpAmb>
<finNFe>1</finNFe>
<procEmi>0</procEmi>
<verProc>NF-eletronica.com</verProc>
</ide>
<emit>
<CNPJ>55386371208037</CNPJ>
<xNome>Empresa Emitente Teste 6 LTDA</xNome>
<xFant>Emitente6</xFant>
<enderEmit>
<xLgr>Rua Central</xLgr>
<nro>106</nro>
<xCpl>Fundos</xCpl>
<xBairro>Distrito Industrial</xBairro>
<cMun>3502200</cMun>
<xMun>Angatuba</xMun>
<UF>SP</UF>
<CEP>17100171</CEP>
<cPais>1058</cPais>
<xPais>Brasil</xPais>
<fone>1733021717</fone>
</enderEmit>
<IE>123456789012</IE>
</emit>
<dest>
<CNPJ>65849334604249</CNPJ>
<xNome>DISTRIBUIDORA TESTE 6</xNome>
<enderDest>
<xLgr>AV DAS FONTES</xLgr>
<nro>1706</nro>
<xCpl>10 ANDAR</xCpl>
<xBairro>PARQUE FONTES</xBairro>
<cMun>3550308</cMun>
<xMun>Sao Paulo</xMun>
<UF>SP</UF>
<CEP>13950000</CEP>
<cPais>1058</cPais>
<xPais>BRASIL</xPais>
<fone>1932011234</fone>
</enderDest>
<IE></IE>
</dest>
<retirada>
<CNPJ>89593600767010</CNPJ>
<xLgr>AV PAULISTA</xLgr>
<nro>12351</nro>
<xCpl>TERREO</xCpl>
<xBairro>CERQUEIRA CESAR</xBairro>
<cMun>3550308</cMun>
<xMun>SAO PAULO</xMun>
<UF>SP</UF>
</retirada>
<entrega>
<CNPJ>43028247418339</CNPJ>
<xLgr>AV FARIA LIMA</xLgr>
<nro>1506</nro>
<xCpl>21 ANDAR</xCpl>
<xBairro>PINHEIROS</xBairro>
<cMun>3550308</cMun>
<xMun>SAO PAULO</xMun>
<UF>SP</UF>
</entrega>
<det nItem="1">
<prod>
<cProd>1006</cProd>
<cEAN></cEAN>
<xProd>Agua Mineral Natural</xProd>
<CFOP>5101</CFOP>
<uCom>dz</uCom>
<qCom>16.5125</qCom>
<vUnCom>167.36</vUnCom>
<vProd>2763.54</vProd>
<cEANTrib></cEANTrib>
<uTrib>und</uTrib>
<qTrib>16.5125</qTrib>
<vUnTrib>1.0000</vUnTrib>
</prod>
<imposto>
<ICMS>
<ICMS00>
<orig>0</orig>
<CST>00</CST>
<modBC>0</modBC>
<vBC>2763.54</vBC>
<pICMS>18.00</pICMS>
<vICMS>497.44</vICMS>
</ICMS00>
</ICMS>
<PIS>
<PISAliq>
<CST>01</CST>
<vBC>2763.54</vBC>
<pPIS>0.65</pPIS>
<vPIS>17.96</vPIS>
</PISAliq>
</PIS>
<COFINS>
<COFINSAliq>
<CST>01</CST>
<vBC>2763.54</vBC>
<pCOFINS>2.00</pCOFINS>
<vCOFINS>55.27</vCOFINS>
</COFINSAliq>
</COFINS>
</imposto>
</det>
<det nItem="2">
<prod>
<cProd>2006</cProd>
<cEAN></cEAN>
<xProd>Agua Mineral Gasosa</xProd>
<CFOP>5101</CFOP>
<uCom>pack</uCom>
<qCom>4.4564</qCom>
<vUnCom>338.58</vUnCom>
<vProd>1508.83</vProd>
<cEANTrib></cEANTrib>
<uTrib>und</uTrib>
<qTrib>4.4564</qTrib>
<vUnTrib>1.0000</vUnTrib>
</prod>
<imposto>
<ICMS>
<ICMS00>
<orig>0</orig>
<CST>00</CST>
<modBC>0</modBC>
<vBC>1508.83</vBC>
<pICMS>18.00</pICMS>
<vICMS>271.59</vICMS>
</ICMS00>
</ICMS>
<PIS>
<PISAliq>
<CST>01</CST>
<vBC>1508.83</vBC>
<pPIS>0.65</pPIS>
<vPIS>9.81</vPIS>
</PISAliq>
</PIS>
<COFINS>
<COFINSAliq>
<CST>01</CST>
<vBC>1508.83</vBC>
<pCOFINS>2.00</pCOFINS>
<vCOFINS>30.18</vCOFINS>
</COFINSAliq>
</COFINS>
</imposto>
</det>
<total>
<ICMSTot>
<vBC>4272.37</vBC>
<vICMS>769.03</vICMS>
<vBCST>0</vBCST>
<vST>0</vST>
<vProd>4272.37</vProd>
<vFrete>0</vFrete>
<vSeg>0</vSeg>
<vDesc>0</vDesc>
<vII>0</vII>
<vIPI>0</vIPI>
<vPIS>27.77</vPIS>
<vCOFINS>85.45</vCOFINS>
<vOutro>0</vOutro>
<vNF>4272.37</vNF>
</ICMSTot>
</total>
<transp>
<modFrete>0</modFrete>
<transporta>
<CNPJ>20946614804719</CNPJ>
<xNome>Transportadora Teste 6 SA</xNome>
<IE>701003233</IE>
<xEnder>Rua Central 100 - Fundos - Distrito Industrial</xEnder>
<xMun>SAO PAULO</xMun>
<UF>SP</UF>
</transporta>
<veicTransp>
<placa>ABC1006</placa>
<UF>SP</UF>
<RNTC>441635620</RNTC>
</veicTransp>
<reboque>
<placa>REB2006</placa>
<UF>SP</UF>
<RNTC>510943767</RNTC>
</reboque>
<vol>
<qVol>11</qVol>
<esp>CAIXA</esp>
<marca>LINDOYA</marca>
<nVol>911</nVol>
<pesoL>427237.000</pesoL>
<pesoB>512684.400</pesoB>
<lacres>
<nLacre>XYZ5322408</nLacre>
</lacres>
</vol>
</transp>
<infAdic>
<infAdFisco>Nota Fiscal de exemplo NF-eletronica.com - versão 4.00 (fictícia)</infAdFisco>
</infAdic>
</infNFe>
<Signature xmlns="http://www.w3.org/2000/09/xmldsig#">
<SignedInfo>
<CanonicalizationMethod Algorithm="http://www.w3.org/TR/2001/REC-xml-c14n-20010315"></CanonicalizationMethod>
<SignatureMethod Algorithm="http://www.w3.org/2000/09/xmldsig#rsa-sha1"></SignatureMethod>
<Reference URI="#NFe35251018841972458836705">
<Transforms>
<Transform Algorithm="http://www.w3.org/2000/09/xmldsig#enveloped-signature"></Transform>
<Transform Algorithm="http://www.w3.org/TR/2001/REC-xml-c14n-20010315"></Transform>
</Transforms>
<DigestMethod Algorithm="http://www.w3.org/2000/09/xmldsig#sha1"></DigestMethod>
<DigestValue>placeholderDigestValue==</DigestValue>
</Reference>
</SignedInfo>
<SignatureValue>placeholderSignatureValue==</SignatureValue>
<KeyInfo>
<X509Data>
<X509Certificate>MIIC...FAKECERT...END</X509Certificate>
</X509Data>
</KeyInfo>
</Signature>
</NFe>
