<NFe xmlns="http://www.portalfiscal.inf.br/nfe">
<infNFe Id="NFe35251018787568367862704" versao="4.00">
<ide>
<cUF>35</cUF>
<cNF>222561263</cNF>
<natOp>Venda a vista</natOp>
<indPag>0</indPag>
<mod>55</mod>
<serie>1</serie>
<nNF>1</nNF>
<dEmi>2025-10-18</dEmi>
<dSaiEnt>2025-10-18</dSaiEnt>
<tpNF>0</tpNF>
<cMunFG>3550308</cMunFG>
<tpImp>1</tpImp>
<tpEmis>1</tpEmis>
<cDV>5</cDV>
<tpAmb>2</tpAmb>
<finNFe>1</finNFe>
<procEmi>0</procEmi>
<verProc>NF-eletronica.com</verProc>
</ide>
<emit>
<CNPJ>65992476058877</CNPJ>
<xNome>Empresa Emitente Teste 1 LTDA</xNome>
<xFant>Emitente1</xFant>
<enderEmit>
<xLgr>Rua Central</xLgr>
<nro>101</nro>
<xCpl>Fundos</xCpl>
<xBairro>Distrito Industrial</xBairro>
<cMun>3502200</cMun>
<xMun>Angatuba</xMun>
<UF>SP</UF>
<CEP>17100171</CEP>
<cPais>1058</cPais>
<xPais>Brasil</xPais>
<fone>1733021717</fone>
</enderEmit>
<IE>123456789012</IE>
</emit>
<dest>
<CNPJ>34277228487356</CNPJ>
<xNome>DISTRIBUIDORA TESTE 1</xNome>
<enderDest>
<xLgr>AV DAS FONTES</xLgr>
<nro>1701</nro>
<xCpl>10 ANDAR</xCpl>
<xBairro>PARQUE FONTES</xBairro>
<cMun>3550308</cMun>
<xMun>Sao Paulo</xMun>
<UF>SP</UF>
<CEP>13950000</CEP>
<cPais>1058</cPais>
<xPais>BRASIL</xPais>
<fone>1932011234</fone>
</enderDest>
<IE></IE>
</dest>
<retirada>
<CNPJ>70729121165358</CNPJ>
<xLgr>AV PAULISTA</xLgr>
<nro>12346</nro>
<xCpl>TERREO</xCpl>
<xBairro>CERQUEIRA CESAR</xBairro>
<cMun>3550308</cMun>
<xMun>SAO PAULO</xMun>
<UF>SP</UF>
</retirada>
<entrega>
<CNPJ>29347997869249</CNPJ>
<xLgr>AV FARIA LIMA</xLgr>
<nro>1501</nro>
<xCpl>16 ANDAR</xCpl>
<xBairro>PINHEIROS</xBairro>
<cMun>3550308</cMun>
<xMun>SAO PAULO</xMun>
<UF>SP</UF>
</entrega>
<det nItem="1">
<prod>
<cProd>1001</cProd>
<cEAN></cEAN>
<xProd>Agua Mineral Natural</xProd>
<CFOP>5101</CFOP>
<uCom>dz</uCom>
<qCom>3.7690</qCom>
<vUnCom>753.47</vUnCom>
<vProd>2839.80</vProd>
<cEANTrib></cEANTrib>
<uTrib>und</uTrib>
<qTrib>3.7690</qTrib>
<vUnTrib>1.0000</vUnTrib>
</prod>
<imposto>
<ICMS>
<ICMS00>
<orig>0</orig>
<CST>00</CST>
<modBC>0</modBC>
<vBC>2839.80</vBC>
<pICMS>18.00</pICMS>
<vICMS>511.16</vICMS>
</ICMS00>
</ICMS>
<PIS>
<PISAliq>
<CST>01</CST>
<vBC>2839.80</vBC>
<pPIS>0.65</pPIS>
<vPIS>18.46</vPIS>
</PISAliq>
</PIS>
<COFINS>
<COFINSAliq>
<CST>01</CST>
<vBC>2839.80</vBC>
<pCOFINS>2.00</pCOFINS>
<vCOFINS>56.80</vCOFINS>
</COFINSAliq>
</COFINS>
</imposto>
</det>
<det nItem="2">
<prod>
<cProd>2001</cProd>
<cEAN></cEAN>
<xProd>Agua Mineral Gasosa</xProd>
<CFOP>5101</CFOP>
<uCom>pack</uCom>
<qCom>17.4929</qCom>
<vUnCom>43.78</vUnCom>
<vProd>765.79</vProd>
<cEANTrib></cEANTrib>
<uTrib>und</uTrib>
<qTrib>17.4929</qTrib>
<vUnTrib>1.0000</vUnTrib>
</prod>
<imposto>
<ICMS>
<ICMS00>
<orig>0</orig>
<CST>00</CST>
<modBC>0</modBC>
<vBC>765.79</vBC>
<pICMS>18.00</pICMS>
<vICMS>137.84</vICMS>
</ICMS00>
</ICMS>
<PIS>
<PISAliq>
<CST>01</CST>
<vBC>765.79</vBC>
<pPIS>0.65</pPIS>
<vPIS>4.98</vPIS>
</PISAliq>
</PIS>
<COFINS>
<COFINSAliq>
<CST>01</CST>
<vBC>765.79</vBC>
<pCOFINS>2.00</pCOFINS>
<vCOFINS>15.32</vCOFINS>
</COFINSAliq>
</COFINS>
</imposto>
</det>
<total>
<ICMSTot>
<vBC>3605.59</vBC>
<vICMS>649.00</vICMS>
<vBCST>0</vBCST>
<vST>0</vST>
<vProd>3605.59</vProd>
<vFrete>0</vFrete>
<vSeg>0</vSeg>
<vDesc>0</vDesc>
<vII>0</vII>
<vIPI>0</vIPI>
<vPIS>23.44</vPIS>
<vCOFINS>72.12</vCOFINS>
<vOutro>0</vOutro>
<vNF>3605.59</vNF>
</ICMSTot>
</total>
<transp>
<modFrete>0</modFrete>
<transporta>
<CNPJ>41493009775198</CNPJ>
<xNome>Transportadora Teste 1 SA</xNome>
<IE>686452739</IE>
<xEnder>Rua Central 100 - Fundos - Distrito Industrial</xEnder>
<xMun>SAO PAULO</xMun>
<UF>SP</UF>
</transporta>
<veicTransp>
<placa>ABC1001</placa>
<UF>SP</UF>
<RNTC>747115345</RNTC>
</veicTransp>
<reboque>
<placa>REB2001</placa>
<UF>SP</UF>
<RNTC>714634098</RNTC>
</reboque>
<vol>
<qVol>41</qVol>
<esp>CAIXA</esp>
<marca>LINDOYA</marca>
<nVol>186</nVol>
<pesoL>360559.000</pesoL>
<pesoB>432670.800</pesoB>
<lacres>
<nLacre>XYZ8349011</nLacre>
</lacres>
</vol>
</transp>
<infAdic>
<infAdFisco>Nota Fiscal de exemplo NF-eletronica.com - versão 4.00 (fictícia)</infAdFisco>
</infAdic>
</infNFe>
<Signature xmlns="http://www.w3.org/2000/09/xmldsig#">
<SignedInfo>
<CanonicalizationMethod Algorithm="http://www.w3.org/TR/2001/REC-xml-c14n-20010315"></CanonicalizationMethod>
<SignatureMethod Algorithm="http://www.w3.org/2000/09/xmldsig#rsa-sha1"></SignatureMethod>
<Reference URI="#NFe35251018787568367862704">
<Transforms>
<Transform Algorithm="http://www.w3.org/2000/09/xmldsig#enveloped-signature"></Transform>
<Transform Algorithm="http://www.w3.org/TR/2001/REC-xml-c14n-20010315"></Transform>
</Transforms>
<DigestMethod Algorithm="http://www.w3.org/2000/09/xmldsig#sha1"></DigestMethod>
<DigestValue>placeholderDigestValue==</DigestValue>
</Reference>
</SignedInfo>
<SignatureValue>placeholderSignatureValue==</SignatureValue>
<KeyInfo>
<X509Data>
<X509Certificate>MIIC...FAKECERT...END</X509Certificate>
</X509Data>
</KeyInfo>
</Signature>
</NFe>
