<NFe xmlns="http://www.portalfiscal.inf.br/nfe">
<infNFe Id="NFe35251018165398718054682" versao="4.00">
<ide>
<cUF>35</cUF>
<cNF>280637138</cNF>
<natOp>Venda a vista</natOp>
<indPag>0</indPag>
<mod>55</mod>
<serie>1</serie>
<nNF>8</nNF>
<dEmi>2025-10-18</dEmi>
<dSaiEnt>2025-10-18</dSaiEnt>
<tpNF>0</tpNF>
<cMunFG>3550308</cMunFG>
<tpImp>1</tpImp>
<tpEmis>1</tpEmis>
<cDV>2</cDV>
<tpAmb>2</tpAmb>
<finNFe>1</finNFe>
<procEmi>0</procEmi>
<verProc>NF-eletronica.com</verProc>
</ide>
<emit>
<CNPJ>52012635358162</CNPJ>
<xNome>Empresa Emitente Teste 8 LTDA</xNome>
<xFant>Emitente8</xFant>
<enderEmit>
<xLgr>Rua Central</xLgr>
<nro>108</nro>
<xCpl>Fundos</xCpl>
<xBairro>Distrito Industrial</xBairro>
<cMun>3502200</cMun>
<xMun>Angatuba</xMun>
<UF>SP</UF>
<CEP>17100171</CEP>
<cPais>1058</cPais>
<xPais>Brasil</xPais>
<fone>1733021717</fone>
</enderEmit>
<IE>123456789012</IE>
</emit>
<dest>
<CNPJ>78227575148494</CNPJ>
<xNome>DISTRIBUIDORA TESTE 8</xNome>
<enderDest>
<xLgr>AV DAS FONTES</xLgr>
<nro>1708</nro>
<xCpl>10 ANDAR</xCpl>
<xBairro>PARQUE FONTES</xBairro>
<cMun>3550308</cMun>
<xMun>Sao Paulo</xMun>
<UF>SP</UF>
<CEP>13950000</CEP>
<cPais>1058</cPais>
<xPais>BRASIL</xPais>
<fone>1932011234</fone>
</enderDest>
<IE></IE>
</dest>
<retirada>
<CNPJ>53452211776241</CNPJ>
<xLgr>AV PAULISTA</xLgr>
<nro>12353</nro>
<xCpl>TERREO</xCpl>
<xBairro>CERQUEIRA CESAR</xBairro>
<cMun>3550308</cMun>
<xMun>SAO PAULO</xMun>
<UF>SP</UF>
</retirada>
<entrega>
<CNPJ>66163180209528</CNPJ>
<xLgr>AV FARIA LIMA</xLgr>
<nro>1508</nro>
<xCpl>23 ANDAR</xCpl>
<xBairro>PINHEIROS</xBairro>
<cMun>3550308</cMun>
<xMun>SAO PAULO</xMun>
<UF>SP</UF>
</entrega>
<det nItem="1">
<prod>
<cProd>1008</cProd>
<cEAN></cEAN>
<xProd>Agua Mineral Natural</xProd>
<CFOP>5101</CFOP>
<uCom>dz</uCom>
<qCom>17.9346</qCom>
<vUnCom>44.73</vUnCom>
<vProd>802.25</vProd>
<cEANTrib></cEANTrib>
<uTrib>und</uTrib>
<qTrib>17.9346</qTrib>
<vUnTrib>1.0000</vUnTrib>
</prod>
<imposto>
<ICMS>
<ICMS00>
<orig>0</orig>
<CST>00</CST>
<modBC>0</modBC>
<vBC>802.25</vBC>
<pICMS>18.00</pICMS>
<vICMS>144.40</vICMS>
</ICMS00>
</ICMS>
<PIS>
<PISAliq>
<CST>01</CST>
<vBC>802.25</vBC>
<pPIS>0.65</pPIS>
<vPIS>5.21</vPIS>
</PISAliq>
</PIS>
<COFINS>
<COFINSAliq>
<CST>01</CST>
<vBC>802.25</vBC>
<pCOFINS>2.00</pCOFINS>
<vCOFINS>16.04</vCOFINS>
</COFINSAliq>
</COFINS>
</imposto>
</det>
<det nItem="2">
<prod>
<cProd>2008</cProd>
<cEAN></cEAN>
<xProd>Agua Mineral Gasosa</xProd>
<CFOP>5101</CFOP>
<uCom>pack</uCom>
<qCom>26.1257</qCom>
<vUnCom>117.62</vUnCom>
<vProd>3072.82</vProd>
<cEANTrib></cEANTrib>
<uTrib>und</uTrib>
<qTrib>26.1257</qTrib>
<vUnTrib>1.0000</vUnTrib>
</prod>
<imposto>
<ICMS>
<ICMS00>
<orig>0</orig>
<CST>00</CST>
<modBC>0</modBC>
<vBC>3072.82</vBC>
<pICMS>18.00</pICMS>
<vICMS>553.11</vICMS>
</ICMS00>
</ICMS>
<PIS>
<PISAliq>
<CST>01</CST>
<vBC>3072.82</vBC>
<pPIS>0.65</pPIS>
<vPIS>19.97</vPIS>
</PISAliq>
</PIS>
<COFINS>
<COFINSAliq>
<CST>01</CST>
<vBC>3072.82</vBC>
<pCOFINS>2.00</pCOFINS>
<vCOFINS>61.46</vCOFINS>
</COFINSAliq>
</COFINS>
</imposto>
</det>
<total>
<ICMSTot>
<vBC>3875.07</vBC>
<vICMS>697.51</vICMS>
<vBCST>0</vBCST>
<vST>0</vST>
<vProd>3875.07</vProd>
<vFrete>0</vFrete>
<vSeg>0</vSeg>
<vDesc>0</vDesc>
<vII>0</vII>
<vIPI>0</vIPI>
<vPIS>25.18</vPIS>
<vCOFINS>77.50</vCOFINS>
<vOutro>0</vOutro>
<vNF>3875.07</vNF>
</ICMSTot>
</total>
<transp>
<modFrete>0</modFrete>
<transporta>
<CNPJ>24473001037319</CNPJ>
<xNome>Transportadora Teste 8 SA</xNome>
<IE>577551273</IE>
<xEnder>Rua Central 100 - Fundos - Distrito Industrial</xEnder>
<xMun>SAO PAULO</xMun>
<UF>SP</UF>
</transporta>
<veicTransp>
<placa>ABC1008</placa>
<UF>SP</UF>
<RNTC>750459324</RNTC>
</veicTransp>
<reboque>
<placa>REB2008</placa>
<UF>SP</UF>
<RNTC>650781510</RNTC>
</reboque>
<vol>
<qVol>4</qVol>
<esp>CAIXA</esp>
<marca>LINDOYA</marca>
<nVol>26</nVol>
<pesoL>387507.000</pesoL>
<pesoB>465008.400</pesoB>
<lacres>
<nLacre>XYZ3788685</nLacre>
</lacres>
</vol>
</transp>
<infAdic>
<infAdFisco>Nota Fiscal de exemplo NF-eletronica.com - versão 4.00 (fictícia)</infAdFisco>
</infAdic>
</infNFe>
<Signature xmlns="http://www.w3.org/2000/09/xmldsig#">
<SignedInfo>
<CanonicalizationMethod Algorithm="http://www.w3.org/TR/2001/REC-xml-c14n-20010315"></CanonicalizationMethod>
<SignatureMethod Algorithm="http://www.w3.org/2000/09/xmldsig#rsa-sha1"></SignatureMethod>
<Reference URI="#NFe35251018165398718054682">
<Transforms>
<Transform Algorithm="http://www.w3.org/2000/09/xmldsig#enveloped-signature"></Transform>
<Transform Algorithm="http://www.w3.org/TR/2001/REC-xml-c14n-20010315"></Transform>
</Transforms>
<DigestMethod Algorithm="http://www.w3.org/2000/09/xmldsig#sha1"></DigestMethod>
<DigestValue>placeholderDigestValue==</DigestValue>
</Reference>
</SignedInfo>
<SignatureValue>placeholderSignatureValue==</SignatureValue>
<KeyInfo>
<X509Data>
<X509Certificate>MIIC...FAKECERT...END</X509Certificate>
</X509Data>
</KeyInfo>
</Signature>
</NFe>
