<NFe xmlns="http://www.portalfiscal.inf.br/nfe">
<infNFe Id="NFe35251018540444585859850" versao="4.00">
<ide>
<cUF>35</cUF>
<cNF>454827184</cNF>
<natOp>Venda a vista</natOp>
<indPag>0</indPag>
<mod>55</mod>
<serie>1</serie>
<nNF>7</nNF>
<dEmi>2025-10-18</dEmi>
<dSaiEnt>2025-10-18</dSaiEnt>
<tpNF>0</tpNF>
<cMunFG>3550308</cMunFG>
<tpImp>1</tpImp>
<tpEmis>1</tpEmis>
<cDV>4</cDV>
<tpAmb>2</tpAmb>
<finNFe>1</finNFe>
<procEmi>0</procEmi>
<verProc>NF-eletronica.com</verProc>
</ide>
<emit>
<CNPJ>02713501315168</CNPJ>
<xNome>Empresa Emitente Teste 7 LTDA</xNome>
<xFant>Emitente7</xFant>
<enderEmit>
<xLgr>Rua Central</xLgr>
<nro>107</nro>
<xCpl>Fundos</xCpl>
<xBairro>Distrito Industrial</xBairro>
<cMun>3502200</cMun>
<xMun>Angatuba</xMun>
<UF>SP</UF>
<CEP>17100171</CEP>
<cPais>1058</cPais>
<xPais>Brasil</xPais>
<fone>1733021717</fone>
</enderEmit>
<IE>123456789012</IE>
</emit>
<dest>
<CNPJ>90138476978395</CNPJ>
<xNome>DISTRIBUIDORA TESTE 7</xNome>
<enderDest>
<xLgr>AV DAS FONTES</xLgr>
<nro>1707</nro>
<xCpl>10 ANDAR</xCpl>
<xBairro>PARQUE FONTES</xBairro>
<cMun>3550308</cMun>
<xMun>Sao Paulo</xMun>
<UF>SP</UF>
<CEP>13950000</CEP>
<cPais>1058</cPais>
<xPais>BRASIL</xPais>
<fone>1932011234</fone>
</enderDest>
<IE></IE>
</dest>
<retirada>
<CNPJ>62897100000225</CNPJ>
<xLgr>AV PAULISTA</xLgr>
<nro>12352</nro>
<xCpl>TERREO</xCpl>
<xBairro>CERQUEIRA CESAR</xBairro>
<cMun>3550308</cMun>
<xMun>SAO PAULO</xMun>
<UF>SP</UF>
</retirada>
<entrega>
<CNPJ>15843966771291</CNPJ>
<xLgr>AV FARIA LIMA</xLgr>
<nro>1507</nro>
<xCpl>22 ANDAR</xCpl>
<xBairro>PINHEIROS</xBairro>
<cMun>3550308</cMun>
<xMun>SAO PAULO</xMun>
<UF>SP</UF>
</entrega>
<det nItem="1">
<prod>
<cProd>1007</cProd>
<cEAN></cEAN>
<xProd>Agua Mineral Natural</xProd>
<CFOP>5101</CFOP>
<uCom>dz</uCom>
<qCom>3.9998</qCom>
<vUnCom>723.04</vUnCom>
<vProd>2892.02</vProd>
<cEANTrib></cEANTrib>
<uTrib>und</uTrib>
<qTrib>3.9998</qTrib>
<vUnTrib>1.0000</vUnTrib>
</prod>
<imposto>
<ICMS>
<ICMS00>
<orig>0</orig>
<CST>00</CST>
<modBC>0</modBC>
<vBC>2892.02</vBC>
<pICMS>18.00</pICMS>
<vICMS>520.56</vICMS>
</ICMS00>
</ICMS>
<PIS>
<PISAliq>
<CST>01</CST>
<vBC>2892.02</vBC>
<pPIS>0.65</pPIS>
<vPIS>18.80</vPIS>
</PISAliq>
</PIS>
<COFINS>
<COFINSAliq>
<CST>01</CST>
<vBC>2892.02</vBC>
<pCOFINS>2.00</pCOFINS>
<vCOFINS>57.84</vCOFINS>
</COFINSAliq>
</COFINS>
</imposto>
</det>
<det nItem="2">
<prod>
<cProd>2007</cProd>
<cEAN></cEAN>
<xProd>Agua Mineral Gasosa</xProd>
<CFOP>5101</CFOP>
<uCom>pack</uCom>
<qCom>30.4538</qCom>
<vUnCom>180.95</vUnCom>
<vProd>5510.65</vProd>
<cEANTrib></cEANTrib>
<uTrib>und</uTrib>
<qTrib>30.4538</qTrib>
<vUnTrib>1.0000</vUnTrib>
</prod>
<imposto>
<ICMS>
<ICMS00>
<orig>0</orig>
<CST>00</CST>
<modBC>0</modBC>
<vBC>5510.65</vBC>
<pICMS>18.00</pICMS>
<vICMS>991.92</vICMS>
</ICMS00>
</ICMS>
<PIS>
<PISAliq>
<CST>01</CST>
<vBC>5510.65</vBC>
<pPIS>0.65</pPIS>
<vPIS>35.82</vPIS>
</PISAliq>
</PIS>
<COFINS>
<COFINSAliq>
<CST>01</CST>
<vBC>5510.65</vBC>
<pCOFINS>2.00</pCOFINS>
<vCOFINS>110.21</vCOFINS>
</COFINSAliq>
</COFINS>
</imposto>
</det>
<total>
<ICMSTot>
<vBC>8402.67</vBC>
<vICMS>1512.48</vICMS>
<vBCST>0</vBCST>
<vST>0</vST>
<vProd>8402.67</vProd>
<vFrete>0</vFrete>
<vSeg>0</vSeg>
<vDesc>0</vDesc>
<vII>0</vII>
<vIPI>0</vIPI>
<vPIS>54.62</vPIS>
<vCOFINS>168.05</vCOFINS>
<vOutro>0</vOutro>
<vNF>8402.67</vNF>
</ICMSTot>
</total>
<transp>
<modFrete>0</modFrete>
<transporta>
<CNPJ>83414183015712</CNPJ>
<xNome>Transportadora Teste 7 SA</xNome>
<IE>231738603</IE>
<xEnder>Rua Central 100 - Fundos - Distrito Industrial</xEnder>
<xMun>SAO PAULO</xMun>
<UF>SP</UF>
</transporta>
<veicTransp>
<placa>ABC1007</placa>
<UF>SP</UF>
<RNTC>776776472</RNTC>
</veicTransp>
<reboque>
<placa>REB2007</placa>
<UF>SP</UF>
<RNTC>531298299</RNTC>
</reboque>
<vol>
<qVol>6</qVol>
<esp>CAIXA</esp>
<marca>LINDOYA</marca>
<nVol>637</nVol>
<pesoL>840267.000</pesoL>
<pesoB>1008320.400</pesoB>
<lacres>
<nLacre>XYZ6310267</nLacre>
</lacres>
</vol>
</transp>
<infAdic>
<infAdFisco>Nota Fiscal de exemplo NF-eletronica.com - versão 4.00 (fictícia)</infAdFisco>
</infAdic>
</infNFe>
<Signature xmlns="http://www.w3.org/2000/09/xmldsig#">
<SignedInfo>
<CanonicalizationMethod Algorithm="http://www.w3.org/TR/2001/REC-xml-c14n-20010315"></CanonicalizationMethod>
<SignatureMethod Algorithm="http://www.w3.org/2000/09/xmldsig#rsa-sha1"></SignatureMethod>
<Reference URI="#NFe35251018540444585859850">
<Transforms>
<Transform Algorithm="http://www.w3.org/2000/09/xmldsig#enveloped-signature"></Transform>
<Transform Algorithm="http://www.w3.org/TR/2001/REC-xml-c14n-20010315"></Transform>
</Transforms>
<DigestMethod Algorithm="http://www.w3.org/2000/09/xmldsig#sha1"></DigestMethod>
<DigestValue>placeholderDigestValue==</DigestValue>
</Reference>
</SignedInfo>
<SignatureValue>placeholderSignatureValue==</SignatureValue>
<KeyInfo>
<X509Data>
<X509Certificate>MIIC...FAKECERT...END</X509Certificate>
</X509Data>
</KeyInfo>
</Signature>
</NFe>
